CONDITION_OCCURRENCE	CONDITION_CONCEPT_ID	26662	Male	
CONDITION_OCCURRENCE	CONDITION_CONCEPT_ID	26935	Male	
CONDITION_OCCURRENCE	CONDITION_CONCEPT_ID	30969	Male	
CONDITION_OCCURRENCE	CONDITION_CONCEPT_ID	73801	Male	
CONDITION_OCCURRENCE	CONDITION_CONCEPT_ID	74322	Male	
CONDITION_OCCURRENCE	CONDITION_CONCEPT_ID	78193	Male	
CONDITION_OCCURRENCE	CONDITION_CONCEPT_ID	79758	Male	
CONDITION_OCCURRENCE	CONDITION_CONCEPT_ID	141917	Male	
CONDITION_OCCURRENCE	CONDITION_CONCEPT_ID	192367	Female	
CONDITION_OCCURRENCE	CONDITION_CONCEPT_ID	192676	Female	
CONDITION_OCCURRENCE	CONDITION_CONCEPT_ID	192683	Female	
CONDITION_OCCURRENCE	CONDITION_CONCEPT_ID	192854	Female	
CONDITION_OCCURRENCE	CONDITION_CONCEPT_ID	192858	Female	
CONDITION_OCCURRENCE	CONDITION_CONCEPT_ID	193254	Female	
CONDITION_OCCURRENCE	CONDITION_CONCEPT_ID	193261	Female	
CONDITION_OCCURRENCE	CONDITION_CONCEPT_ID	193262	Male	
CONDITION_OCCURRENCE	CONDITION_CONCEPT_ID	193277	Female	
CONDITION_OCCURRENCE	CONDITION_CONCEPT_ID	193437	Female	
CONDITION_OCCURRENCE	CONDITION_CONCEPT_ID	193439	Female	
CONDITION_OCCURRENCE	CONDITION_CONCEPT_ID	193522	Male	
CONDITION_OCCURRENCE	CONDITION_CONCEPT_ID	193530	Female	
CONDITION_OCCURRENCE	CONDITION_CONCEPT_ID	193739	Female	
CONDITION_OCCURRENCE	CONDITION_CONCEPT_ID	193818	Male	
CONDITION_OCCURRENCE	CONDITION_CONCEPT_ID	194092	Female	
CONDITION_OCCURRENCE	CONDITION_CONCEPT_ID	194286	Female	
CONDITION_OCCURRENCE	CONDITION_CONCEPT_ID	194412	Female	
CONDITION_OCCURRENCE	CONDITION_CONCEPT_ID	194420	Female	
CONDITION_OCCURRENCE	CONDITION_CONCEPT_ID	194611	Female	
CONDITION_OCCURRENCE	CONDITION_CONCEPT_ID	194696	Female	
CONDITION_OCCURRENCE	CONDITION_CONCEPT_ID	194871	Female	
CONDITION_OCCURRENCE	CONDITION_CONCEPT_ID	194997	Male	
CONDITION_OCCURRENCE	CONDITION_CONCEPT_ID	195009	Male	
CONDITION_OCCURRENCE	CONDITION_CONCEPT_ID	195012	Female	
CONDITION_OCCURRENCE	CONDITION_CONCEPT_ID	195197	Female	
CONDITION_OCCURRENCE	CONDITION_CONCEPT_ID	195316	Female	
CONDITION_OCCURRENCE	CONDITION_CONCEPT_ID	195321	Female	
CONDITION_OCCURRENCE	CONDITION_CONCEPT_ID	195483	Male	
CONDITION_OCCURRENCE	CONDITION_CONCEPT_ID	195500	Female	
CONDITION_OCCURRENCE	CONDITION_CONCEPT_ID	195501	Female	
CONDITION_OCCURRENCE	CONDITION_CONCEPT_ID	195683	Male	
CONDITION_OCCURRENCE	CONDITION_CONCEPT_ID	195769	Female	
CONDITION_OCCURRENCE	CONDITION_CONCEPT_ID	195770	Female	
CONDITION_OCCURRENCE	CONDITION_CONCEPT_ID	195793	Female	
CONDITION_OCCURRENCE	CONDITION_CONCEPT_ID	195867	Female	
CONDITION_OCCURRENCE	CONDITION_CONCEPT_ID	195873	Female	
CONDITION_OCCURRENCE	CONDITION_CONCEPT_ID	196048	Female	
CONDITION_OCCURRENCE	CONDITION_CONCEPT_ID	196051	Female	
CONDITION_OCCURRENCE	CONDITION_CONCEPT_ID	196068	Male	
CONDITION_OCCURRENCE	CONDITION_CONCEPT_ID	196157	Male	
CONDITION_OCCURRENCE	CONDITION_CONCEPT_ID	196158	Male	
CONDITION_OCCURRENCE	CONDITION_CONCEPT_ID	196163	Female	
CONDITION_OCCURRENCE	CONDITION_CONCEPT_ID	196165	Female	
CONDITION_OCCURRENCE	CONDITION_CONCEPT_ID	196168	Female	
CONDITION_OCCURRENCE	CONDITION_CONCEPT_ID	196359	Female	
CONDITION_OCCURRENCE	CONDITION_CONCEPT_ID	196364	Female	
CONDITION_OCCURRENCE	CONDITION_CONCEPT_ID	196473	Female	
CONDITION_OCCURRENCE	CONDITION_CONCEPT_ID	196734	Male	
CONDITION_OCCURRENCE	CONDITION_CONCEPT_ID	196738	Male	
CONDITION_OCCURRENCE	CONDITION_CONCEPT_ID	196758	Female	
CONDITION_OCCURRENCE	CONDITION_CONCEPT_ID	197032	Male	
CONDITION_OCCURRENCE	CONDITION_CONCEPT_ID	197039	Male	
CONDITION_OCCURRENCE	CONDITION_CONCEPT_ID	197044	Female	
CONDITION_OCCURRENCE	CONDITION_CONCEPT_ID	197236	Female	
CONDITION_OCCURRENCE	CONDITION_CONCEPT_ID	197237	Male	
CONDITION_OCCURRENCE	CONDITION_CONCEPT_ID	197507	Male	
CONDITION_OCCURRENCE	CONDITION_CONCEPT_ID	197601	Male	
CONDITION_OCCURRENCE	CONDITION_CONCEPT_ID	197605	Male	
CONDITION_OCCURRENCE	CONDITION_CONCEPT_ID	197606	Female	
CONDITION_OCCURRENCE	CONDITION_CONCEPT_ID	197607	Female	
CONDITION_OCCURRENCE	CONDITION_CONCEPT_ID	197609	Female	
CONDITION_OCCURRENCE	CONDITION_CONCEPT_ID	197610	Female	
CONDITION_OCCURRENCE	CONDITION_CONCEPT_ID	197938	Female	
CONDITION_OCCURRENCE	CONDITION_CONCEPT_ID	198082	Female	
CONDITION_OCCURRENCE	CONDITION_CONCEPT_ID	198108	Female	
CONDITION_OCCURRENCE	CONDITION_CONCEPT_ID	198194	Female	
CONDITION_OCCURRENCE	CONDITION_CONCEPT_ID	198197	Male	
CONDITION_OCCURRENCE	CONDITION_CONCEPT_ID	198198	Female	
CONDITION_OCCURRENCE	CONDITION_CONCEPT_ID	198202	Female	
CONDITION_OCCURRENCE	CONDITION_CONCEPT_ID	198212	Female	
CONDITION_OCCURRENCE	CONDITION_CONCEPT_ID	198363	Female	
CONDITION_OCCURRENCE	CONDITION_CONCEPT_ID	198471	Female	
CONDITION_OCCURRENCE	CONDITION_CONCEPT_ID	198483	Female	
CONDITION_OCCURRENCE	CONDITION_CONCEPT_ID	198803	Male	
CONDITION_OCCURRENCE	CONDITION_CONCEPT_ID	198806	Male	
CONDITION_OCCURRENCE	CONDITION_CONCEPT_ID	199067	Female	
CONDITION_OCCURRENCE	CONDITION_CONCEPT_ID	199078	Female	
CONDITION_OCCURRENCE	CONDITION_CONCEPT_ID	199752	Female	
CONDITION_OCCURRENCE	CONDITION_CONCEPT_ID	199764	Female	
CONDITION_OCCURRENCE	CONDITION_CONCEPT_ID	199876	Female	
CONDITION_OCCURRENCE	CONDITION_CONCEPT_ID	199877	Female	
CONDITION_OCCURRENCE	CONDITION_CONCEPT_ID	199878	Female	
CONDITION_OCCURRENCE	CONDITION_CONCEPT_ID	199881	Female	
CONDITION_OCCURRENCE	CONDITION_CONCEPT_ID	200051	Female	
CONDITION_OCCURRENCE	CONDITION_CONCEPT_ID	200052	Female	
CONDITION_OCCURRENCE	CONDITION_CONCEPT_ID	200147	Male	
CONDITION_OCCURRENCE	CONDITION_CONCEPT_ID	200445	Male	
CONDITION_OCCURRENCE	CONDITION_CONCEPT_ID	200452	Female	
CONDITION_OCCURRENCE	CONDITION_CONCEPT_ID	200461	Female	
CONDITION_OCCURRENCE	CONDITION_CONCEPT_ID	200670	Male	
CONDITION_OCCURRENCE	CONDITION_CONCEPT_ID	200675	Female	
CONDITION_OCCURRENCE	CONDITION_CONCEPT_ID	200775	Female	
CONDITION_OCCURRENCE	CONDITION_CONCEPT_ID	200779	Female	
CONDITION_OCCURRENCE	CONDITION_CONCEPT_ID	200780	Female	
CONDITION_OCCURRENCE	CONDITION_CONCEPT_ID	200962	Male	
CONDITION_OCCURRENCE	CONDITION_CONCEPT_ID	200970	Male	
CONDITION_OCCURRENCE	CONDITION_CONCEPT_ID	201072	Male	
CONDITION_OCCURRENCE	CONDITION_CONCEPT_ID	201078	Female	
CONDITION_OCCURRENCE	CONDITION_CONCEPT_ID	201211	Female	
CONDITION_OCCURRENCE	CONDITION_CONCEPT_ID	201238	Female	
CONDITION_OCCURRENCE	CONDITION_CONCEPT_ID	201244	Female	
CONDITION_OCCURRENCE	CONDITION_CONCEPT_ID	201257	Female	
CONDITION_OCCURRENCE	CONDITION_CONCEPT_ID	201346	Male	
CONDITION_OCCURRENCE	CONDITION_CONCEPT_ID	201355	Female	
CONDITION_OCCURRENCE	CONDITION_CONCEPT_ID	201527	Male	
CONDITION_OCCURRENCE	CONDITION_CONCEPT_ID	201617	Male	
CONDITION_OCCURRENCE	CONDITION_CONCEPT_ID	201625	Female	
CONDITION_OCCURRENCE	CONDITION_CONCEPT_ID	201801	Female	
CONDITION_OCCURRENCE	CONDITION_CONCEPT_ID	201817	Female	
CONDITION_OCCURRENCE	CONDITION_CONCEPT_ID	201823	Male	
CONDITION_OCCURRENCE	CONDITION_CONCEPT_ID	201907	Male	
CONDITION_OCCURRENCE	CONDITION_CONCEPT_ID	201909	Female	
CONDITION_OCCURRENCE	CONDITION_CONCEPT_ID	201913	Female	
CONDITION_OCCURRENCE	CONDITION_CONCEPT_ID	314409	Male	
CONDITION_OCCURRENCE	CONDITION_CONCEPT_ID	315586	Male	
CONDITION_OCCURRENCE	CONDITION_CONCEPT_ID	433716	Male	
CONDITION_OCCURRENCE	CONDITION_CONCEPT_ID	434251	Male	
CONDITION_OCCURRENCE	CONDITION_CONCEPT_ID	435315	Male	
CONDITION_OCCURRENCE	CONDITION_CONCEPT_ID	435648	Male	
CONDITION_OCCURRENCE	CONDITION_CONCEPT_ID	436155	Male	
CONDITION_OCCURRENCE	CONDITION_CONCEPT_ID	436358	Female	
CONDITION_OCCURRENCE	CONDITION_CONCEPT_ID	436366	Male	
CONDITION_OCCURRENCE	CONDITION_CONCEPT_ID	436466	Male	
CONDITION_OCCURRENCE	CONDITION_CONCEPT_ID	437501	Female	
CONDITION_OCCURRENCE	CONDITION_CONCEPT_ID	437655	Male	
CONDITION_OCCURRENCE	CONDITION_CONCEPT_ID	438477	Male	
CONDITION_OCCURRENCE	CONDITION_CONCEPT_ID	439871	Male	
CONDITION_OCCURRENCE	CONDITION_CONCEPT_ID	440971	Male	
CONDITION_OCCURRENCE	CONDITION_CONCEPT_ID	441068	Male	
CONDITION_OCCURRENCE	CONDITION_CONCEPT_ID	441077	Female	
CONDITION_OCCURRENCE	CONDITION_CONCEPT_ID	441805	Female	
CONDITION_OCCURRENCE	CONDITION_CONCEPT_ID	442781	Female	
CONDITION_OCCURRENCE	CONDITION_CONCEPT_ID	443211	Male	
CONDITION_OCCURRENCE	CONDITION_CONCEPT_ID	443435	Female	
CONDITION_OCCURRENCE	CONDITION_CONCEPT_ID	443800	Female	
CONDITION_OCCURRENCE	CONDITION_CONCEPT_ID	444078	Female	
CONDITION_OCCURRENCE	CONDITION_CONCEPT_ID	444106	Female	
PROCEDURE_OCCURRENCE	PROCEDURE_CONCEPT_ID	2003947	Male	
PROCEDURE_OCCURRENCE	PROCEDURE_CONCEPT_ID	2003966	Male	
PROCEDURE_OCCURRENCE	PROCEDURE_CONCEPT_ID	2003983	Male	
PROCEDURE_OCCURRENCE	PROCEDURE_CONCEPT_ID	2004031	Male	
PROCEDURE_OCCURRENCE	PROCEDURE_CONCEPT_ID	2004063	Male	
PROCEDURE_OCCURRENCE	PROCEDURE_CONCEPT_ID	2004070	Male	
PROCEDURE_OCCURRENCE	PROCEDURE_CONCEPT_ID	2004090	Male	
PROCEDURE_OCCURRENCE	PROCEDURE_CONCEPT_ID	2004164	Male	
PROCEDURE_OCCURRENCE	PROCEDURE_CONCEPT_ID	2004263	Female	
PROCEDURE_OCCURRENCE	PROCEDURE_CONCEPT_ID	2004329	Female	
PROCEDURE_OCCURRENCE	PROCEDURE_CONCEPT_ID	2004342	Female	
PROCEDURE_OCCURRENCE	PROCEDURE_CONCEPT_ID	2004443	Female	
PROCEDURE_OCCURRENCE	PROCEDURE_CONCEPT_ID	2004627	Female	
PROCEDURE_OCCURRENCE	PROCEDURE_CONCEPT_ID	2109825	Male	
PROCEDURE_OCCURRENCE	PROCEDURE_CONCEPT_ID	2109833	Male	
PROCEDURE_OCCURRENCE	PROCEDURE_CONCEPT_ID	2109900	Male	
PROCEDURE_OCCURRENCE	PROCEDURE_CONCEPT_ID	2109902	Male	
PROCEDURE_OCCURRENCE	PROCEDURE_CONCEPT_ID	2109905	Male	
PROCEDURE_OCCURRENCE	PROCEDURE_CONCEPT_ID	2109906	Male	
PROCEDURE_OCCURRENCE	PROCEDURE_CONCEPT_ID	2109916	Male	
PROCEDURE_OCCURRENCE	PROCEDURE_CONCEPT_ID	2109968	Male	
PROCEDURE_OCCURRENCE	PROCEDURE_CONCEPT_ID	2109973	Male	
PROCEDURE_OCCURRENCE	PROCEDURE_CONCEPT_ID	2109981	Male	
PROCEDURE_OCCURRENCE	PROCEDURE_CONCEPT_ID	2110004	Male	
PROCEDURE_OCCURRENCE	PROCEDURE_CONCEPT_ID	2110011	Male	
PROCEDURE_OCCURRENCE	PROCEDURE_CONCEPT_ID	2110026	Male	
PROCEDURE_OCCURRENCE	PROCEDURE_CONCEPT_ID	2110039	Male	
PROCEDURE_OCCURRENCE	PROCEDURE_CONCEPT_ID	2110044	Male	
PROCEDURE_OCCURRENCE	PROCEDURE_CONCEPT_ID	2110078	Female	
PROCEDURE_OCCURRENCE	PROCEDURE_CONCEPT_ID	2110116	Female	
PROCEDURE_OCCURRENCE	PROCEDURE_CONCEPT_ID	2110142	Female	
PROCEDURE_OCCURRENCE	PROCEDURE_CONCEPT_ID	2110144	Female	
PROCEDURE_OCCURRENCE	PROCEDURE_CONCEPT_ID	2110169	Female	
PROCEDURE_OCCURRENCE	PROCEDURE_CONCEPT_ID	2110175	Female	
PROCEDURE_OCCURRENCE	PROCEDURE_CONCEPT_ID	2110194	Female	
PROCEDURE_OCCURRENCE	PROCEDURE_CONCEPT_ID	2110195	Female	
PROCEDURE_OCCURRENCE	PROCEDURE_CONCEPT_ID	2110203	Female	
PROCEDURE_OCCURRENCE	PROCEDURE_CONCEPT_ID	2110222	Female	
PROCEDURE_OCCURRENCE	PROCEDURE_CONCEPT_ID	2110227	Female	
PROCEDURE_OCCURRENCE	PROCEDURE_CONCEPT_ID	2110230	Female	
PROCEDURE_OCCURRENCE	PROCEDURE_CONCEPT_ID	2110307	Female	
PROCEDURE_OCCURRENCE	PROCEDURE_CONCEPT_ID	2110315	Female	
PROCEDURE_OCCURRENCE	PROCEDURE_CONCEPT_ID	2110316	Female	
PROCEDURE_OCCURRENCE	PROCEDURE_CONCEPT_ID	2110317	Female	
PROCEDURE_OCCURRENCE	PROCEDURE_CONCEPT_ID	2110326	Female	
PROCEDURE_OCCURRENCE	PROCEDURE_CONCEPT_ID	2211747	Female	
PROCEDURE_OCCURRENCE	PROCEDURE_CONCEPT_ID	2211749	Female	
PROCEDURE_OCCURRENCE	PROCEDURE_CONCEPT_ID	2211751	Female	
PROCEDURE_OCCURRENCE	PROCEDURE_CONCEPT_ID	2211753	Female	
PROCEDURE_OCCURRENCE	PROCEDURE_CONCEPT_ID	2211755	Female	
PROCEDURE_OCCURRENCE	PROCEDURE_CONCEPT_ID	2211756	Female	
PROCEDURE_OCCURRENCE	PROCEDURE_CONCEPT_ID	2211757	Female	
PROCEDURE_OCCURRENCE	PROCEDURE_CONCEPT_ID	2211765	Female	
PROCEDURE_OCCURRENCE	PROCEDURE_CONCEPT_ID	2211769	Male	
PROCEDURE_OCCURRENCE	PROCEDURE_CONCEPT_ID	2617204	Female	
PROCEDURE_OCCURRENCE	PROCEDURE_CONCEPT_ID	2721063	Female	
PROCEDURE_OCCURRENCE	PROCEDURE_CONCEPT_ID	2721064	Female	
PROCEDURE_OCCURRENCE	PROCEDURE_CONCEPT_ID	2780478	Male	
PROCEDURE_OCCURRENCE	PROCEDURE_CONCEPT_ID	2780523	Male	
CONDITION_OCCURRENCE	CONDITION_CONCEPT_ID	4005743	Female	
CONDITION_OCCURRENCE	CONDITION_CONCEPT_ID	4005933	Male	
CONDITION_OCCURRENCE	CONDITION_CONCEPT_ID	4012343	Female	
CONDITION_OCCURRENCE	CONDITION_CONCEPT_ID	4016155	Male	
PROCEDURE_OCCURRENCE	PROCEDURE_CONCEPT_ID	4021531	Female	
CONDITION_OCCURRENCE	CONDITION_CONCEPT_ID	4032594	Male	
PROCEDURE_OCCURRENCE	PROCEDURE_CONCEPT_ID	4032622	Female	
PROCEDURE_OCCURRENCE	PROCEDURE_CONCEPT_ID	4038747	Female	
CONDITION_OCCURRENCE	CONDITION_CONCEPT_ID	4048225	Female	
CONDITION_OCCURRENCE	CONDITION_CONCEPT_ID	4050091	Male	
CONDITION_OCCURRENCE	CONDITION_CONCEPT_ID	4051956	Female	
PROCEDURE_OCCURRENCE	PROCEDURE_CONCEPT_ID	4052532	Female	
CONDITION_OCCURRENCE	CONDITION_CONCEPT_ID	4054550	Male	
CONDITION_OCCURRENCE	CONDITION_CONCEPT_ID	4056903	Female	
PROCEDURE_OCCURRENCE	PROCEDURE_CONCEPT_ID	4058792	Female	
CONDITION_OCCURRENCE	CONDITION_CONCEPT_ID	4060207	Female	
CONDITION_OCCURRENCE	CONDITION_CONCEPT_ID	4060556	Female	
CONDITION_OCCURRENCE	CONDITION_CONCEPT_ID	4060558	Female	
CONDITION_OCCURRENCE	CONDITION_CONCEPT_ID	4060559	Female	
CONDITION_OCCURRENCE	CONDITION_CONCEPT_ID	4061050	Female	
CONDITION_OCCURRENCE	CONDITION_CONCEPT_ID	4071874	Male	
PROCEDURE_OCCURRENCE	PROCEDURE_CONCEPT_ID	4073700	Male	
CONDITION_OCCURRENCE	CONDITION_CONCEPT_ID	4081648	Female	
PROCEDURE_OCCURRENCE	PROCEDURE_CONCEPT_ID	4083772	Male	
CONDITION_OCCURRENCE	CONDITION_CONCEPT_ID	4090039	Male	
CONDITION_OCCURRENCE	CONDITION_CONCEPT_ID	4092515	Female	
CONDITION_OCCURRENCE	CONDITION_CONCEPT_ID	4093346	Male	
CONDITION_OCCURRENCE	CONDITION_CONCEPT_ID	4095940	Female	
PROCEDURE_OCCURRENCE	PROCEDURE_CONCEPT_ID	4096783	Male	
CONDITION_OCCURRENCE	CONDITION_CONCEPT_ID	4109081	Male	
PROCEDURE_OCCURRENCE	PROCEDURE_CONCEPT_ID	4127886	Female	
CONDITION_OCCURRENCE	CONDITION_CONCEPT_ID	4128329	Female	
CONDITION_OCCURRENCE	CONDITION_CONCEPT_ID	4129155	Female	
PROCEDURE_OCCURRENCE	PROCEDURE_CONCEPT_ID	4138738	Female	
CONDITION_OCCURRENCE	CONDITION_CONCEPT_ID	4140828	Female	
PROCEDURE_OCCURRENCE	PROCEDURE_CONCEPT_ID	4141940	Female	
CONDITION_OCCURRENCE	CONDITION_CONCEPT_ID	4143116	Male	
PROCEDURE_OCCURRENCE	PROCEDURE_CONCEPT_ID	4146777	Female	
CONDITION_OCCURRENCE	CONDITION_CONCEPT_ID	4147021	Male	
CONDITION_OCCURRENCE	CONDITION_CONCEPT_ID	4149084	Female	
CONDITION_OCCURRENCE	CONDITION_CONCEPT_ID	4150042	Female	
CONDITION_OCCURRENCE	CONDITION_CONCEPT_ID	4150816	Female	
CONDITION_OCCURRENCE	CONDITION_CONCEPT_ID	4155529	Female	
CONDITION_OCCURRENCE	CONDITION_CONCEPT_ID	4156113	Female	
PROCEDURE_OCCURRENCE	PROCEDURE_CONCEPT_ID	4161944	Female	
CONDITION_OCCURRENCE	CONDITION_CONCEPT_ID	4162860	Female	
CONDITION_OCCURRENCE	CONDITION_CONCEPT_ID	4163261	Male	
CONDITION_OCCURRENCE	CONDITION_CONCEPT_ID	4171394	Female	
CONDITION_OCCURRENCE	CONDITION_CONCEPT_ID	4171915	Male	
CONDITION_OCCURRENCE	CONDITION_CONCEPT_ID	4180978	Female	
PROCEDURE_OCCURRENCE	PROCEDURE_CONCEPT_ID	4181912	Female	
CONDITION_OCCURRENCE	CONDITION_CONCEPT_ID	4194652	Female	
CONDITION_OCCURRENCE	CONDITION_CONCEPT_ID	4199600	Male	
PROCEDURE_OCCURRENCE	PROCEDURE_CONCEPT_ID	4234536	Male	
CONDITION_OCCURRENCE	CONDITION_CONCEPT_ID	4235215	Male	
PROCEDURE_OCCURRENCE	PROCEDURE_CONCEPT_ID	4238715	Female	
PROCEDURE_OCCURRENCE	PROCEDURE_CONCEPT_ID	4243919	Female	
CONDITION_OCCURRENCE	CONDITION_CONCEPT_ID	4260520	Male	
CONDITION_OCCURRENCE	CONDITION_CONCEPT_ID	4270932	Male	
PROCEDURE_OCCURRENCE	PROCEDURE_CONCEPT_ID	4275113	Female	
CONDITION_OCCURRENCE	CONDITION_CONCEPT_ID	4279913	Female	
CONDITION_OCCURRENCE	CONDITION_CONCEPT_ID	4281030	Female	
CONDITION_OCCURRENCE	CONDITION_CONCEPT_ID	4294393	Male	
PROCEDURE_OCCURRENCE	PROCEDURE_CONCEPT_ID	4294805	Female	
CONDITION_OCCURRENCE	CONDITION_CONCEPT_ID	4295261	Female	
CONDITION_OCCURRENCE	CONDITION_CONCEPT_ID	4303258	Female	
PROCEDURE_OCCURRENCE	PROCEDURE_CONCEPT_ID	4306780	Female	
PROCEDURE_OCCURRENCE	PROCEDURE_CONCEPT_ID	4310552	Male	
CONDITION_OCCURRENCE	CONDITION_CONCEPT_ID	4320332	Male	
PROCEDURE_OCCURRENCE	PROCEDURE_CONCEPT_ID	4321575	Male	
PROCEDURE_OCCURRENCE	PROCEDURE_CONCEPT_ID	4330583	Male	
CONDITION_OCCURRENCE	CONDITION_CONCEPT_ID	4339088	Male	
CONDITION_OCCURRENCE	CONDITION_CONCEPT_ID	40481080	Male	
CONDITION_OCCURRENCE	CONDITION_CONCEPT_ID	40482030	Male	
CONDITION_OCCURRENCE	CONDITION_CONCEPT_ID	40482406	Female	
CONDITION_OCCURRENCE	CONDITION_CONCEPT_ID	40483613	Female	
CONDITION_OCCURRENCE	CONDITION_CONCEPT_ID	40490888	Female	
CONDITION_OCCURRENCE	CONDITION_CONCEPT_ID	42709954	Male	
CONDITION_OCCURRENCE	CONDITION_CONCEPT_ID	45757415	Female	
CONDITION_OCCURRENCE	CONDITION_CONCEPT_ID	45766654	Male	
CONDITION_OCCURRENCE	CONDITION_CONCEPT_ID	45770892	Female	
CONDITION_OCCURRENCE	CONDITION_CONCEPT_ID	45772671	Male	
